review,actual,predicted
This is a scam. The product is nothing like advertised.,0,1
"Save your money, this product is absolute garbage.",0,1
Very disappointed with this product. Not as described.,0,1
Cheaply made junk. Falls apart immediately.,0,1
Five stars! This is exactly what I was looking for.,1,0
Very well made and durable. Worth every penny.,1,1
I've tried many similar products but this one is the best.,1,1
Quick delivery and the item is in perfect condition.,1,0
Misleading description. The actual product is nothing like the photos.,0,1
"So glad I bought this, it makes my life easier.",1,1
